Company name,Status,Industry,Salary-Cuts,Location
1MG,Hiring freezes,Consumer Goods,No,Gurgaon
6sense,Hiring,,No,"Pune,Bangalore"
91springboard,Hiring freezes,Real Estate,Yes,India
91springboard,Layoffs,Real Estate,Yes,India
247.ai,Layoffs,Communications,Yes,"San Jose, Bangalore"
1988,Offer rescinded,,No,India
A US-based Stealth Startup,Hiring,Consumer Tech,No,Bangalore
A1 wholesale,Hiring,Retail,,India
ABInBev,Hiring freezes,Food & Dining,No,Bangalore
ACC Cement,Offer rescinded,Manufacturing,Yes,Pan India
Accenture,Hiring,Consulting & Services,No,
Ace Turtle,Hiring freezes,Business Software,Yes,India
Aceturtle Services Pvt Ltd,Hiring freezes,Retail,Yes,
Acko,Layoffs,Financial Services,No,Bangalore
Acko,Hiring freezes,Financial Services,No,Bangalore
ACT Fibernet,Hiring,Communications,No,India
acuiti labs,Layoffs,Consulting & Services,No,
Adda247,Layoffs,Education Tech,Yes,Gurgaon
Adda247,Hiring,Education Tech,No,
Adda247,Layoffs,Education Tech,Yes,Gurgaon
Aditya Birla Fashion & Retail,Hiring freezes,Retail,No,
AdmitKard,Hiring freezes,Education Tech,,India
Adobe,Hiring freezes,Productivity Software,No,
Adpushup Inc,Hiring,Information Technology,,Delhi
AEQUS,Hiring,Manufacturing,,Bangalore
Affine Analytics Pvt Ltd,Hiring freezes,Consulting & Services,No,India
Agoda,Hiring freezes,Travel & Transportation,,
AgroStar,Hiring freezes,Retail,Yes,"Pune, Ahmedabad"
AI Spacept,Hiring,Business Software,No,
AirAsia,Hiring freezes,Travel & Transportation,Yes,Company Wide
Airbus,Hiring freezes,Manufacturing,No,
Airtel,Hiring,Communications,,India
Algonox,Hiring freezes,Business Software,Yes,"Hyderabad, Bangalore, Mumbai"
Aliens Developers,Hiring,Real Estate,,Hyderabad
Aliens Developers,Hiring,Real Estate,No,Hyderabad
Allen,Hiring freezes,Education Tech,No,Bangalore
Allied Digital services Ltd.,Hiring,,No,
Ally,Hiring,,No,Chennai
Almug Technologies,Hiring,,,"Bangalore, Hyderabad"
Alshaya,Hiring freeze,Retail,,
Alstom Transport India,Hiring freezes,Manufacturing,No,"Bangalore, Coimbatore, Srilanka"
Alt Balaji,Layoffs,Media & Entertainment,Yes,mumbai
Altair Engineering,Hiring,Business Software,Yes,
Altran,Hiring freezes,Consulting & Services,No,"Gurugram, Bangalore"
Amadeus Software Labs,Hiring freezes,Travel & Transportation,No,Bangalore
Amazon,Hiring,Consumer Tech,,Mumbai
Amazon,Hiring,Retail,,India
Amazon,Hiring,Consumer Tech,,Global
American Express,Hiring freezes,Financial Services,No,India
American Express,Hiring freezes,Financial Services,No,
Americana,Hiring freezes,Retail,Yes,United Arab Emirates
Amplus Solar,Hiring freezes,Energy,No,India
Analytic Edge,Hiring,Consulting & Services,,Bangalore
Anexas,Hiring freezes,Consulting & Services,No,Bangalore
ansrsource India Pvt Ltd,Layoffs,Education Tech,Yes,Bangalore
Anthill Creations,Hiring freezes,Real Estate,No,Bangalore
Antler,Hiring,Venture Capital,,Stockholm
ANZ,Hiring,Business Software,No,
Aon,Hiring,Consulting & Services,No,Mumbai
AOT India,Layoffs,Travel & Transportation,Yes,India
Apollo Tyres,Hiring freezes,Automotive,No,
AppDynamics,Hiring,Business Software,No,Bangalore
Asanna,Hiring freezes,,No,
Ascent Health and Wellness,Hiring freezes,Healthcare,No,India
Asian College of Teachers,Layoffs,Education Tech,Yes,Kolkata
assetmonk,Hiring,Real Estate,,India
Ather Energy Pvt Ltd,Hiring freezes,Automotive,Yes,Bangalore
Atidiv,Layoffs,IT Infrastucture,Yes,
Atlan,Hiring,Business Software,No,"Delhi, Bangalore"
Atlan,Layoffs,Business Software,No,India
Atlassian,Hiring,Business Software,,"Hyderabad, Bangalore"
Atlassian,Hiring,Business Software,No,Bangalore
Atom,Hiring,Consumer Tech,,(Remote)
Auronova,Hiring,Business Software,,"India, UAE"
Autogrid,Layoffs,Business Software,No,Bangalore
Auzaro.,Hiring,Retail,,India
Avail Finance,Layoffs,Financial Services,Yes,Bangalore
Avail Finance,Hiring freezes,Financial Services,Yes,Bangalore
Avance Consultancy,Hiring freezes,Consulting & Services,No,India
Aveva PLC,Hiring freezes,Business Software,No,Cambridge UK
Aviate,Hiring,HR Tech,,India
Aviva India,Hiring,Financial Services,,Gurgaon
Avrio Energy Pvt Ltd,Hiring,Energy,,Gurgaon
Axiom,Hiring freezes,Manufacturing,Yes,Hyderabad
Axis Bank,Hiring,Financial Services,No,India
AxleWeb Technologies,Hiring,Business Software,,India
Axtria,Hiring,Healthcare,,"Gurgaon, Noida, Bangalore"
B9 Beverages,Hiring freezes,Consumer Goods,No,India
B9 Beverages,Layoffs,Consumer Goods,Yes,Delhi
B9 Beverages,Layoffs,Consumer Goods,No,"Delhi, Mumbai, Pune, Bangalore"
Bank Of America,Hiring,Financial Services,No,"Mumbai, Hyderabad, chennai"
Barbeque Nation,Hiring freezes,Food & Dining,Yes,
Barclay's,Hiring freezes,Financial Services,,
Belong.co,Layoffs,HR Tech,No,Bangalore
Belong.co,Layoffs,HR Tech,Yes,India
Belong.co,Layoffs,HR Tech,Yes,india
Betterplace,Hiring,Communications,,Multiple Locations
BharatPe,Layoffs,Financial Services,Yes,
Bharti Airtel,Hiring freezes,Communications,No,India
Bharti Airtel,Hiring,,No,"Gurgaon, Bangalore"
Bidgely Technologies,Hiring,Business Software,Yes,Bangalore
BigBasket,Hiring,Retail,,Bangalore
Bigbasket,Hiring,Consumer Goods,No,Bangalore
BigBinary,Offer rescinded,Business Software,Yes,Remote
BigBinary,Hiring freezes,Business Software,Yes,Remote
BINATI BPO,Hiring,Consulting & Services,No,Brazil
Bizongo,Hiring freezes,Manufacturing,Yes,
BlackBuck,Hiring freezes,Travel & Transportation,Yes,Bangalore
Blackbuck,Layoffs,Travel & Transportation,Yes,Bangalore
BlackRock,Hiring freezes,Financial Services,No,Global
Bloomsvilla,Hiring,Consumer Services,No,India
Bluecore,Hiring,Business Software,No,"Noida, New York, London"
Blueshift Labs Inc,Hiring freezes,Marketing & Advertising,Yes,"San Francisco, Charlotte NC"
Bluetown India Pvt limited,Layoffs,IT Infrastucture,Yes,
BMW Group India,Hiring,Automotive,No,"Gurgaon, Chennai"
Bombay Play,Hiring,Media & Entertainment,No,India
Bookmerilab,Hiring freezes,Healthcare,No,Delhi
Bookmyshow,Hiring freezes,Media & Entertainment,Yes,India
Boston Consulting Group,Hiring freezes,Consulting & Services,No,
Boston Consulting Group,Layoffs,Consulting & Services,No,
Bounce,Layoffs,Travel & Transportation,Yes,India
Bounce,Layoffs,Travel & Transportation,No,Bangalore
Bounce,Hiring freezes,Travel & Transportation,Yes,"Bangalore, Hyderabad"
BP,Hiring freezes,Energy,No,Global
Bright Money,Hiring,Financial Services,No,"Bangalore, San Francisco"
Brillio Technologies,Hiring freezes,Information Technology,Yes,
British Telecom,Hiring freezes,Communications,No,
BrowserStack,Hiring,Business Software,No,Mumbai
Burgundy,Hiring,Financial Services,,India
Business Standard,Hiring freezes,Media & Entertainment,Yes,India
BYJU'S,Hiring,Education Tech,No,India
"Byjus, learnin app",Hiring freezes,Education Tech,No,India
ByteDance - Tiktok,Hiring,Information Technology,,India
ByteDance - Tiktok,Hiring,Consumer Tech,,
Cactus Communications,Hiring,Media & Entertainment,No,Mumbai
Cactus Communications,Hiring freezes,Communications,No,
CallHub,Hiring,Consulting & Services,,India
Candid Knots,Hiring freezes,Retail,,India
CanvasJS,Hiring,IT Infrastucture,No,Bangalore
Capgemini,Offer rescinded,IT Infrastucture,No,Mumbai
Capgemini,Hiring freezes,IT Infrastucture,No,
Capgemini,Offer rescinded,Consulting & Services,No,India
Capillary,Layoffs,Business Software,Yes,
Capillary Technologies,Layoffs,Productivity Software,,Bangalore
Capita india,Hiring freezes,Venture Capital,No,
Capital Float,Hiring freezes,Financial Services,No,India
CapitalVia Global Research,Hiring,Financial Services,No,Indore
CapitalVia Global Research,Hiring,Financial Services,,India
Careem,Hiring freezes,Travel & Transportation,No,Dubai
CareerVsCOVID19,Hiring,HR Tech,,Mumbai
Cars24,Hiring,Automotive,,India
Cartesian Consulting,Layoffs,Consulting & Services,Yes,"Bangalore, Mumbai, Gurgaon"
Cartesian Consulting,Hiring freezes,Consulting & Services,Yes,India
CarWale,Hiring,Marketing & Advertising,No,Mumbai
CashFlo,Hiring,Financial Services,No,Mumbai
Cashify,Hiring freezes,Consumer Tech,Yes,Gurgaon
Catterpillar Technologies,Layoffs,Business Software,Yes,bangalore
Cavinkare Private Limited,Hiring freezes,Consumer Goods,No,
CGI,Hiring,Consulting & Services,,India
CGI,Offer rescinded,Consulting & Services,,
Chaipoint,Hiring freezes,Food & Dining,Yes,Bangalore
Chalo,Hiring,Travel & Transportation,No,Navi Mumbai
Channelplay,Layoffs,Marketing & Advertising,Yes,Gurgaon
Channelplay,Layoffs,,Yes,
Charmboard,Hiring freezes,Media & Entertainment,Yes,Bangalore
Chegg,Hiring,Education Tech,No,"India, US, Isreal"
Chegg Inc.,Hiring,Education Tech,,Delhi
Chembond Chemicals Ltd,Hiring,Manufacturing,No,"Mumbai,Navi Mumbai"
Chesapeake Group,Hiring,Financial Services,,Bangalore
Chilton Refrigeration Pvt Ltd,Hiring,Manufacturing,,"Ahmedabad , Kochi , Chennai"
CHLEAR,Hiring freeze,Marketing & Advertising,Yes,Bangalore
Ciena India,Hiring,Communications,No,Gurgaon
Cipla,Hiring freezes,Healthcare,No,
Cisco Systems,Hiring,Business Software,No,Bangalore
Citi,Hiring,Financial Services,No,Pune
CITRIX,Hiring,IT Infrastucture,No,Global
City Mall,Hiring,Real Estate,,India
CityMall,Hiring,Consumer Services,No,Gurgaon
Clarisights,Layoffs,Business Software,Yes,Bangalore
Clear Tax,Hiring freezes,Business Software,No,India
ClearTax,Hiring freezes,Financial Services,No,Bangalore
Cleartax,Hiring freezes,Financial Services,No,India
Cleartrip,Layoffs,Travel & Transportation,Yes,Begaluru
CleverTap,Layoffs,Information Technology,Yes,"Mumbai, Singapore, San Francisco"
Clevertap,Layoffs,Marketing & Advertising,Yes,"India, US, Singapore"
CloudSEK,Hiring,Business Software,No,"Singapore, India"
CloudSEK,Hiring freezes,Business Software,No,
Clumio,Hiring,IT Infrastucture,No,Bangalore
Clumio,Hiring,IT Infrastructure,,India
CodeCraft Technologies,Hiring,Consulting & Services,No,"Bangalore, Mangaluru"
Codeninja.ai,Hiring,Business Software,No,Bangalore
Codestore,Hiring,Consumer Tech,No,
CogniTensor,Layoffs,IT Infrastucture,Yes,"Noida, Uttar pradesh"
Cognizant,Hiring,IT Infrastucture,No,
Cognologix,Hiring,Consulting & Services,No,"Pune, Bangalore"
Cognologix Technologies,Hiring,Business Software,,Pune
Cogoport,Layoffs,Business Software,Yes,Mumbai
Collegedunia,Layoffs,Marketing & Advertising,No,Gurgaon
Comodo Security Solutions,Layoffs,Information Technology,Yes,India
Compro Technologies,Hiring freezes,Consulting & Services,No,New Delhi
Concentrix,Hiring,Consulting & Services,No,Gurugram
Concertante Labs LLP,Hiring,,No,India
Conde Nast,Hiring,Travel & Transportation,,"Mumbai, Chennai"
Conde Nast India,Hiring,Travel & Transportation,,"Mumbai, Fort Area"
Connect India Ecommerce,Hiring,Travel & Transportation,Yes,India
Contentserv India,Layoffs,Business Software,,Pune
Continental Contitech,Hiring freezes,Manufacturing,,India
Coolberg,Hiring freezes,Consumer Goods,,
Corevalue Technologies,Hiring,Information Technology,No,Noida
Counsellr web Developmen,Hiring freezes,Business Software,No,Raipur
Course5 Intelligence,Hiring,Business Software,,"Mumbai, Bangalore"
Coursera,Hiring,Education Tech,,"Gurgaon, Global"
CRED,Hiring freezes,Financial Services,No,India
CRED,Hiring,Consumer Tech,No,Bangalore
Crescendo,Hiring,HR Tech,,India
Cropin,Hiring freezes,Consumer Tech,Yes,Bangalore
CSG,Hiring,Communications,No,
Cura Technologies,Layoffs,Healthcare,No,Bangalore
cure.fit,Hiring,Healthcare,No,
CureFit,Hiring freezes,Healthcare,No,Bangalore
Curefit,Layoffs,Healthcare,Yes,
CVC Capital Partners,Hiring,Financial Services,No,India
Cvent,Layoffs,Marketing & Advertising,Yes,Gurgaon
Cvent,Hiring,Business Software,No,Gurgaon
Cyware Labs,Hiring freezes,Business Software,Yes,
D E Shaw,Hiring,Financial Services,,India
Daffodil Software,Hiring,Information Technology,,India
Dailyhunt,Hiring freezes,Media & Entertainment,Yes,Bangalore
Dailyhunt,Hiring freezes,Consumer Tech,Yes,Bangalore
DailyRounds,Hiring,Healthcare,,India
Daimler India,Hiring freezes,Automotive,No,India
DanskeIT,Hiring,Financial Services,No,Bangalore
Dar al Handasah,Hiring freezes,Consulting & Services,Yes,Pune
Darwinbox,Hiring,Business Software,No,Hyderabad
Data Braiders,Hiring,Consulting & Services,,India
Databricks,Hiring,Business Software,No,"San Francisco, Amsterdam"
DataRobot,Layoffs,Consulting & Services,,India
Datasigns Technologies,Layoffs,Financial Services,Yes,Bangalore
Dazn,Hiring freezes,Media & Entertainment,No,Netherlands
DBS Bank,Hiring,Financial Services,No,Hyderabad
DealerSocket,Hiring freezes,Automotive,No,
DealShare,Hiring,Retail,,"Bangalore, Jaipur, Ahmedabad"
DealShare,Hiring,Consumer Tech,,India
DECATHLON SPORTS INDIA,Hiring freezes,Retail,No,India
Decurtis,Layoffs,IT Infrastucture,,"Jaipur, Bangalore, Orlando"
Decurtis corporation,Hiring freezes,,No,
Delhivery,Layoffs,Travel & Transportation,Yes,India
Dell,Hiring freezes,IT Infrastucture,,
Dell EMC,Hiring freezes,IT Infrastucture,No,
Deloitte,Hiring,Consulting & Services,No,
Deloitte,Hiring freezes,Consulting & Services,No,"Mumbai, Gurgaon, Bangalore"
Delphi Technology,Layoffs,Automotive,Yes,Bangalore
Deluxe Entertainment,Layoffs,Media & Entertainment,Yes,Banglore
Dentsu Aegis,Hiring,Marketing & Advertising,,India
Desai,Hiring freezes,Financial Services,No,India
Detales Brand Communications,Hiring,Marketing & Advertising,,Mumbai.
Deutsche Telekom Digital Limited,Hiring,Communications,No,India
Diageo,Hiring freezes,Consumer Goods,No,Bangalore
Digital Vidya,Layoffs,Education Tech,Yes,New Delhi
Dineout,Hiring freezes,Food & Dining,No,India
DishTV,Hiring,Media & Entertainment,No,India
Docs App,Layoffs,Healthcare,Yes,Bangalore
DoctorPlan,Hiring,Healthcare,,"India, US"
Dot square,Layoffs,Business Software,Yes,Jaipur
Doto Studio,Hiring freezes,Marketing & Advertising,Yes,"Toronto, Bangalore"
Dr. Vaidya's,Hiring,Retail,,India
Dr. Vaidyas Herbolab,Hiring,Healthcare,No,Mumbai
Dream11,Hiring,,,Mumbai
Dream11,Hiring,Consumer Tech,,India
Dream11,Hiring freezes,Media & Entertainment,No,Mumbai
DRG Analytics/Clarivate,Layoffs,Consulting & Services,,India
DrinkPrime,Hiring,Consumer Services,No,Bangalore
Drip Capital,Hiring freezes,Financial Services,No,Mumbai
Drip Capital,Hiring freezes,Financial Services,Yes,India
DriveU,Layoffs,Consumer Services,Yes,Bangalore
Drivezy,Layoffs,Automotive,Yes,Bangalore
Droice Labs,Hiring,Healthcare,No,"New York, Bangalore, Moscow"
Droom,Layoffs,Automotive,Yes,Gurgaon
Druva,Hiring freezes,Business Software,No,Pune
DTDC,Hiring,Consulting & Services,,Mumbai
DTDC,Hiring,Consumer Services,,India
Dunzo,Hiring,Consumer Services,No,Bangalore
DXC TECHNOLOGIES,Hiring freezes,Consulting & Services,No,
DXC technology,Hiring freezes,IT Infrastucture,No,India
E2E Networks Limited,Layoffs,IT Infrastucture,Yes,India
Easy Eat,Hiring,Food & Dining,No,Gurgaon
Ecom Express,Layoffs,Travel & Transportation,Yes,
Economic Times,Layoffs,Media & Entertainment,,India
Edelweiss Financial Services,Hiring freezes,Financial Services,No,Mumbai
Edge Networks,Layoffs,HR Tech,Yes,Bangalore
Edureka,Hiring freezes,Education Tech,Yes,India
Egnify Technologies,Hiring freezes,Education Tech,No,
Eicher,Hiring freezes,Automotive,No,Indore
Ekincare,Layoffs,Healthcare,Yes,Hyderabad
Elucian,Hiring,,,
Elucidata Corporation,Hiring freezes,Healthcare,Yes,"Delhi, Bangalore, Boston"
Embibe,Hiring,Education Tech,No,Bangalore
Emids,Hiring,Healthcare,No,
Emirates airlines,Layoffs,Travel & Transportation,Yes,Dubai
Emproto Technologies,Hiring,Business Software,No,India
Enable inc,Hiring,Healthcare,No,Chennai
Engagedly,Hiring,Information Technology,,Bangalore
Engagely.ai,Hiring,Financial Services,,Mumbai
Engagely.ai,Hiring,Business Software,,Bangalore
Enquero global,Hiring freezes,Consulting & Services,,Bangalore
Envestnet Yodlee,Layoffs,Financial Services,Yes,Bangalore
Equirus Capital,Hiring,Financial Services,No,mumbai
Ergode IT Services,Hiring freezes,E-Commerce,No,"Mumbai, Kolkata, Siliguri"
Ernst & Young,Hiring freezes,Consulting & Services,,India
Eurofins,Hiring,Information Technology,No,
Evelabs,Hiring,Healthcare,,India
Everwell Health solutions,Hiring,Healthcare,,Bangalore
Exito Media Concepts,Hiring freezes,Consulting & Services,Yes,
EXL Services,Layoffs,Consulting & Services,No,Bangalore
EXL Services,Hiring freezes,Consulting & Services,Yes,"Gurgaon, Bangalore, US"
Exotel,Hiring freezes,Business Software,Yes,Bangalore
Expedia,Hiring freezes,Travel & Transportation,,India
Extramarks,Layoffs,Education Tech,Yes,
Extramarks Education,Hiring,Education Tech,,India
Extramarks Education,Hiring,Education Tech,,Gujarat
Extramarks Education,Hiring,Education Tech,,Gujarat
FabAlley,Hiring freezes,Retail,Yes,Noida
FABgetaways,Hiring,Travel & Transportation,No,Ahmedabad
FabHotels,Hiring freezes,Hospitality,Yes,India
FabHotels,Layoffs,Hospitality,Yes,Gurgaon
Fabric Inc,Hiring,Business Software,No,"India, US, Canada"
Facebook,Hiring,Consumer Tech,No,Global
Factoreal,Hiring,Business Software,No,"India, US"
Factset,Hiring,Consumer Tech,,India
Factspan Inc.,Layoffs,Consulting & Services,Yes,"Bangalore, Seattle, San Roman"
Fame Technologies,Hiring,Consulting & Services,No,Bangalore
Fareportal,Layoffs,Travel & Transportation,Yes,"Gurgaon, pune"
Fareportal,Layoffs,Travel & Transportation,Yes,Gurgaon
FarEye,Hiring,,No,
Farmguide,Layoffs,Food & Dining,Yes,Gurgaon
farmGuide,Hiring,Food & Dining,Yes,Gurgaon
Farmpay,Hiring,Financial Services,,India
Fashion TV India,Hiring,Media & Entertainment,No,
Finastra,Hiring,IT Infrastucture,No,
Finshots,Hiring,Financial Services,No,Bangalore
Finshots,Hiring,Financial Services,,India
First American India,Hiring,Financial Services,No,"Bangalore, Santa Ana"
FIS Global,Hiring,Financial Services,No,Pune
Fiserv india,Layoffs,IT Infrastucture,No,India
Fission Labs,Hiring,IT Infrastructure,,India
Flex Trade,Hiring,Financial Services,No,
Flexiple,Hiring,HR Tech,No,Bangalore
FlipCalss,Hiring,Education Tech,No,Bangalore
Flipkart,Offer rescinded,E-Commerce,,India
Flipkart,Hiring,E-Commerce,No,
Flipkart,Hiring,E-Commerce,,
Fliplearn,Layoffs,Education Tech,Yes,NCR
Flipspaces,Hiring freezes,Real Estate,Yes,"Delhi, Mumbai, Bangalore"
Foodshood.co,Hiring freezes,Food & Dining,No,Bangalore
Forcepoint Software,Hiring,Productivity Software,No,
FourKites,Hiring freezes,Travel & Transportation,No,Chennai
Fractal Analytics,Hiring freezes,Consulting & Services,No,"US, Mumbai, Bangalore,Gurgaon"
Fragma Data Systems,Hiring,Information Technology,,Bangalore
Freshhomez,Hiring freezes,Consumer Services,No,
Freshworks,Hiring freezes,Productivity Software,No,"Chennai, Bangalore, Hyderabad"
Fundamentum,Hiring,,,
Funding Societies,Layoffs,Financial Services,Yes,Thailand
Funplates private limited,Layoffs,Marketing & Advertising,Yes,MUMBAI
Fyle,Hiring,Financial Services,No,"Bangalore, Karnataka"
Fyle,Layoffs,Financial Services,,
GAIL India ltd,Hiring,Manufacturing,No,India
GAIN Credit,Hiring,Financial Services,Yes,"Chennai, Delhi"
Gameberry Labs,Hiring,Consumer Tech,No,Bangalore
Gameskraft,Hiring,Media & Entertainment,No,Bangalore
Gameskraft Technologies,Hiring,Productivity Software,,India
Garage Society co works,Hiring freezes,Real Estate,No,"Hong Kong, Singapore, India"
Gartner,Offer rescinded,IT Infrastucture,No,India
Gartner,Hiring freezes,Consulting & Services,No,
Gartner,Layoffs,Consulting & Services,No,
Gartner India Research,Hiring freezes,Consulting & Services,Yes,India
GE Aviation,Hiring freezes,Travel & Transportation,Yes,
GE Digital,Hiring freezes,Business Software,No,"Hyderabad, Bangalore, Noida"
GE Healthcare,Layoffs,Healthcare,No,
Genpact,Layoffs,Consulting & Services,No,"United States, India"
Genpact,Layoffs,,Yes,
GEP,Layoffs,Productivity Software,No,India
Get Set homes,Hiring freezes,Consulting & Services,Yes,Mumbai
Getmeroof,Hiring freeze,Real Estate,,Bangalore
Getmeroof.com,Hiring,Real Estate,No,Bangalore
GetMyUni,Hiring freezes,Education Tech,Yes,
GetSetHome,Hiring freezes,Real Estate,Yes,India
Gigsky,Hiring freezes,Consumer Tech,Yes,India
Girmiti,Layoffs,Business Software,No,
Global Analytics,Hiring,Financial Services,Yes,Chennai
Global Logic,Hiring freezes,Consulting & Services,Yes,India
Global Payments,Layoffs,Financial Services,Yes,India
GlobalLogic,Hiring,Information Technology,No,Global
GMV Yoga,Hiring freezes,Healthcare,,India
GoAirlines,Layoffs,Travel & Transportation,Yes,India
Godrej,Hiring,Consumer Goods,,
GoFloaters,Hiring freezes,Real Estate,,
Goibibo,Hiring freezes,Travel & Transportation,Yes,India
Goibibo,Layoffs,Travel & Transportation,Yes,
Gojek,Hiring,Consumer Services,No,
Gojek,Hiring freezes,Consumer Services,,Bangalore
Gojek,Hiring freezes,Consumer Tech,,
Goldman Sachs,Hiring freezes,Financial Services,No,
Google,Hiring,Consumer Tech,No,India
GOQii,Hiring freezes,Healthcare,No,Mumbai
Gpuzzles.com,Hiring,Productivity Software,No,India
Grabox,Hiring,Retail,,India
Grabox,Hiring,Retail,,Bangalore
Gradeup,Hiring,Education Tech,,Noida
Gramener,Offer rescinded,Business Software,,"Bangalore, Hyderbad"
Grassik,Hiring,Manufacturing,,Multiple Locations
Great Voucher Place,Hiring,Consumer Services,,"Pune, Mumbai, Bangalore"
Grexter,Layoffs,Real Estate,Yes,Bangalore
Groupon,Hiring freezes,,No,All places
Growfit,Hiring,Productivity Software,,"Chennai, Bangalore, Hyderabad"
Growfit,Hiring,Consumer Goods,,Bangalore
Grubox,Layoffs,Consumer Goods,Yes,India
Guardian Life,Hiring,Financial Services,No,"Gurgaon, Chennai"
Gutenberg,Hiring freezes,Marketing & Advertising,Yes,"Pune, Delhi, Bangalore, Hyderabad"
GyanSys Infotech,Hiring,Consulting & Services,No,Bangalore
HackerRank,Hiring,,,
Halliburton,Hiring freezes,Energy,,"Mumbai,Gurugram"
Happay,Layoffs,Financial Services,Yes,"Bangalore, Mumbai, Delhi"
Harman Connected Services,Hiring freezes,Consulting & Services,No,India
HCCB,Hiring,Consumer Goods,No,
HCL,Hiring freezes,Business Software,,India
HCL,Layoffs,Business Software,No,India
Headout,Hiring,Travel & Transportation,No,"India, US"
Healofy,Layoffs,Consumer Tech,Yes,Bangalore
Healofy,Layoffs,Consumer Tech,Yes,Bangalore
Healofy,Hiring,Consumer Tech,,
Healofy,Hiring,Consumer Tech,,Bangalore
Healofy,Layoffs,Business Software,Yes,India
Healofy,Layoffs,Consumer Tech,Yes,India
Health total,Hiring,Healthcare,Yes,Andheri
HealthifyMe,Hiring freezes,Healthcare,Yes,India
HealthifyMe,Layoffs,Healthcare,Yes,India
HealthifyMe,Hiring,Healthcare,Yes,Bangalore
Healthkart,Layoffs,E-Commerce,Yes,
Henkel,Hiring,Financial Services,,Mumbai
Henkel,Hiring,Manufacturing,,India
Hevo Data Inc,Hiring,Business Software,No,Bangalore
Hewlett Packard Enterprise,Hiring,IT Infrastucture,No,
Hewlett Packard Inc.,Hiring freezes,IT Infrastucture,No,
Hexaware,Hiring,IT Infrastucture,Yes,
Hexaware Interactive,Hiring,Consulting & Services,,India
Highbar Technocrats,Hiring,Consulting & Services,No,India
HighRadius,Hiring freezes,Business Software,Yes,Hyderabad
Himgiri Castings Pvt Ltd,Hiring,Manufacturing,,India
Hinduja Global Solutions,Hiring freezes,Consulting & Services,No,India
Hindustan Unilever,Hiring,Consumer Goods,,
Hitachi Vantara,Layoffs,Consulting & Services,No,
Hobby Lobby,Hiring freezes,Retail,Yes,United States
Holidayme,Layoffs,Hospitality,Yes,Pune
Homelane,Hiring freezes,Real Estate,No,
Homelane,Offer rescinded,Real Estate,,Bangalore
Honeywell,Hiring freezes,Consulting & Services,Yes,"Worldwide, Bangalore, Hyderabad"
Honeywell,Hiring,Consulting & Services,Yes,India
Honeywell,Hiring freezes,Consulting & Services,Yes,
Honeywell International,Hiring freezes,Consulting & Services,Yes,Global
HoppJobs,Hiring,Consulting & Services,No,Noida
Hopscotch,Layoffs,Retail,Yes,Mumbai
Hopscotch,Hiring freezes,Retail,Yes,Mumbai
HostBooks Limited,Hiring,Business Software,No,Gurgaon
Hotstar,Hiring,Consumer Tech,No,"Bangalore, Mumbai"
HSBC,Hiring freezes,Financial Services,No,Worldwide
Hsbc electronics,Hiring freeze,Financial Services,,Bangalore
HSBC Technologies India,Hiring,IT Infrastucture,No,Pune
Hungerbox,Hiring freezes,E-Commerce,Yes,Bangalore
HungerBox,Hiring,Food & Dining,No,India
HungryNaki,Hiring,Food & Dining,,
Huron Consulting Group,Hiring,Consulting & Services,No,
IBM,Hiring freeze,Information Technology,,
IBM India,Hiring freezes,Business Software,,India
Icertis,Hiring,Business Software,No,"India, US, Europe"
ICICI BANK,Hiring,Financial Services,No,India
ICICI Bank,Hiring freezes,Financial Services,No,India
ICICI Prudential AMC,Hiring freezes,Financial Services,No,Mumbai
Icreon Communication,Layoffs,IT Infrastucture,No,Noida
Idemia,Layoffs,Business Software,No,
Iffort,Hiring freezes,Marketing & Advertising,No,Noida
IHS Markit,Hiring,Financial Services,No,India
ImageKit.io,Hiring,Information Technology,No,India
Impact analytics,Hiring freezes,Business Software,Yes,Bangalore
IMS Learning Resources,Layoffs,Education Tech,Yes,India
Inc42 Media,Hiring,Media & Entertainment,No,New Delhi
Increff,Hiring freezes,Business Software,No,Bangalore
IND1,Hiring,Financial Services,,India
IND1- Travel Now Pay Later,Hiring,Travel & Transportation,,Hyderabad
IND1- Travel Now Pay Later,Hiring,Travel & Transportation,,Hyderabad
Indeed India,Hiring freezes,HR Tech,No,"Hyderabad, Bangalore"
India express,Hiring freezes,Media & Entertainment,Yes,Delhi
India Shelter,Hiring freezes,Financial Services,No,India
India Today,Layoffs,Media & Entertainment,,India
Indian Energy exchange,Hiring,Energy,No,Delhi
Indian Express,Hiring freezes,Media & Entertainment,Yes,India
Indian Express,Hiring freeze,Media & Entertainment,Yes,India
Indian Oil Corporation Ltd,Hiring freezes,Energy,No,Pan India
IndiaNivesh,Layoffs,Financial Services,Yes,Mumbai
IndiGo,Hiring freezes,Travel & Transportation,Yes,India
Indo Nissin Foods,Hiring,Consumer Goods,No,India
INDwealth,Hiring,Financial Services,No,"Gurugram, India"
inFeedo,Hiring,HR Tech,No,"Gurgaon, India"
Infoblox,Hiring,Business Software,No,India
Infoedge,Hiring freezes,Consumer Services,,Noida
Informatica,Hiring freezes,Consumer Tech,Yes,
Infosys india,Hiring freezes,Consulting & Services,No,Pune
InMobi,Hiring freezes,Marketing & Advertising,No,Bangalore
InMobi,Hiring freezes,Business Software,Yes,India
InMobi,Hiring freezes,Marketing & Advertising,Yes,Bangalore
Innovaccer,Hiring freezes,Healthcare,No,Noida
Innowise,Layoffs,Consulting & Services,Yes,Pune
Insider,Hiring,Media & Entertainment,No,"Mumbai, Bangalore, Delhi"
Instamojo,Layoffs,Financial Services,Yes,
Intel,Hiring freezes,IT Infrastucture,No,India
Intellect design,Hiring,Business Software,Yes,Across globe
Interactive Brokers India,Hiring,Financial Services,,
InterGlobe Aviation (IndiGo),Hiring freezes,Travel & Transportation,Yes,india
Intueri Consulting LLP,Hiring freezes,Consulting & Services,No,"Kolkata, Bangalore"
Intuit,Hiring,Consulting & Services,No,
Iquanti,Hiring,Productivity Software,No,"India,US"
IQuanti India,Hiring,Productivity Software,No,"India,US"
IQuanti India Pvt Ltd,Hiring,Productivity Software,No,"India,US"
IQVIA,Hiring,Healthcare,,India
Ishi Systems,Hiring,Business Software,No,Ahmedabad
ITC,Hiring,Consumer Goods,,
Itilite,Layoffs,Travel & Transportation,Yes,"Bangalore, Delhi, Mumbai"
IVY Comptech,Hiring,Consulting & Services,No,Hyderabad
Ixigo,Hiring freezes,Travel & Transportation,Yes,Gurugram
Jagsfresh Pvt. ltd.,Hiring,E-Commerce,,Delhi
JMR,Hiring,E-Commerce,No,
John Deere,Layoffs,Manufacturing,,
Johnson controls,Hiring freezes,Productivity Software,No,
Jombay,Layoffs,HR Tech,Yes,Pune
JP Morgan Chase,Hiring freezes,Financial Services,No,
JTG E-Business Software,Hiring,IT Infrastucture,No,Gurugram
Jubilant Foodworks Ltd.,Hiring freezes,Food & Dining,No,Noida
Jumbo Electronics,Layoffs,Retail,No,UAE
Junglee Games Pvt. Ltd.,Hiring,Information Technology,No,Gurgaon
Jupiter,Hiring,Financial Services,No,"Mumbai, Bangalore"
JusPay,Hiring,Financial Services,No,Bangalore
Justdial,Hiring freezes,Media & Entertainment,Yes,Bangalore
Justmyroots,Hiring,E-Commerce,No,
kabbage inc,Layoffs,Financial Services,Yes,Bangalore
Kaizen consultants,Hiring,Consulting & Services,,Multiple locations
Kaizen SRA Technologies,Hiring,Consulting & Services,,"Andhra Pradesh, Bangalore"
Kalpan Test,Hiring,,No,
Kearney,Hiring freezes,Consulting & Services,No,India
Khatabook,Hiring,Consumer Tech,No,Bangalore
Kimp,Hiring freezes,Marketing & Advertising,Yes,"Toronto, Bangalore"
Kiprosh,Hiring,Information Technology,,Mumbai
Kloud9 technologies,Layoffs,IT Infrastucture,No,Bangalore
Klub Works,Layoffs,Financial Services,Yes,Bangalore
Klub Works,Layoffs,Financial Services,Yes,Bangalore
Klubworks,Layoffs,Financial Services,,Bangalore
Kohinoor,Hiring freezes,Real Estate,No,Pune india
Kohler India,Hiring freezes,Consumer Goods,No,
Koovs,Layoffs,Consumer Tech,Yes,India
Koru UX Design LLP,Layoffs,IT Infrastucture,Yes,Pune
Koru UX Design LLP,Layoffs,Information Technology,Yes,Pune
Koru UX Design LLP,Hiring freezes,Information Technology,Yes,Pune
Koru UX Design LLP,Offer rescinded,Information Technology,Yes,Pune
Koshex,Hiring freezes,Financial Services,No,Bangalore
KPMG,Hiring freezes,IT Infrastucture,No,London
KPMG Advisory,Hiring freezes,Consulting & Services,No,
KPMG Global Services,Hiring,Consulting & Services,No,India
KPMG INDIA,Hiring freezes,Consulting & Services,No,
KRDS Digital Asia,Hiring,Marketing & Advertising,No,"Chennai,Singapore"
Kronos Solution,Hiring freezes,Business Software,No,Noida
Kronos Solutions,Hiring,Business Software,No,Noida
Kuber bank,Hiring,Financial Services,No,Bangalore
LabourNet,Hiring freezes,Consulting & Services,Yes,India
Lalamove,Hiring,Travel & Transportation,No,"Mumbai, Gurgaon"
Landmark Group,Layoffs,Retail,No,Bangalore
Langoor,Hiring,Media & Entertainment,,India
Larsen and Toubro Infotech,Hiring,Consulting & Services,No,"Mumbai, Chennai, Pune"
LBB-Little Black Book,Hiring freezes,Marketing & Advertising,Yes,Delhi
Leadsquared,Hiring,,No,
Leap,Hiring,Consumer Tech,,India
Leap.Club,Hiring,Consumer Services,,Gurgaon
Leena AI,Hiring,HR Tech,No,"Gurgaon, Mumbai, New York"
Leena AI,Hiring,Business Software,,India
Lemnisk,Hiring freezes,Marketing & Advertising,No,India
LendingClub,Offer rescinded,Financial Services,No,San Francisco
LendingKart,Hiring,Financial Services,,India
Lendingkart,Hiring freezes,Financial Services,,
Lenovo,Hiring,Business Software,,India
Lenskart.,Hiring,Consumer Goods,,India
Lenskart.com,Offer rescinded,E-Commerce,Yes,"Delhi, bangalore"
Lenskart.com,Hiring freezes,E-Commerce,Yes,
LetsEndorse,Hiring,Consumer Services,No,"Bangalore, Lucknow"
Licious,Hiring,Consumer Goods,No,
Lido Learning,Hiring freezes,Education Tech,Yes,Gurgaon
Lido Learning,Hiring,Education Tech,No,
Lido Learning,Hiring,Education Tech,No,"Mumbai, Bangalore"
Lido Learning,Hiring,Education Tech,,India
LilGoodness,Hiring,Consumer Goods,,India
LimeRoad,Hiring freezes,Consumer Goods,Yes,Gurgaon
LinkedIn,Hiring freezes,Consumer Tech,,
Lithium Urban Technologies,Hiring,Travel & Transportation,,"NCR, Pune, Bangalore, Hyderabad"
Lithium Urban Technologies,Hiring,Manufacturing,,India
Livspace,Hiring freezes,,No,"India, Singapore"
Locofast,Hiring,Consumer Goods,,India
Loconav,Layoffs,Business Software,Yes,Gurgaon
Lodha Group,Hiring freezes,Real Estate,Yes,Mumbai
Loved,Hiring,Financial Services,No,Gurgaon
Lowe's,Hiring,IT Infrastucture,No,
Lucideus,Hiring freezes,Consulting & Services,No,New Delhi
Luminescent Digital,Layoffs,IT Infrastucture,Yes,kerala
LVMH - Moet Hennessy,Hiring,Consumer Goods,,Mumbai
Macquarie Capital,Hiring freezes,Financial Services,No,South East Asia
Madura Coats Pvt. Ltd.,Hiring freezes,,Yes,
Maersk,Hiring freeze,Manufacturing,,India
Maersk,Hiring freezes,Travel & Transportation,No,
Magicpin,Layoffs,Retail,Yes,
Magma FinCorp,Hiring freezes,Financial Services,No,Mumbai
Mahindra Holidays,Hiring,Hospitality,No,Mumbai
Majid Al Futtiam,Hiring,Retail,No,Gurgaon
MakeMyTrip,Hiring freezes,Travel & Transportation,Yes,"Bangalore, Gurgaon"
MakeMytrip,Layoffs,Travel & Transportation,Yes,
Malik agencies,Hiring,Marketing & Advertising,,India
Mamaearth,Hiring,Consumer Goods,No,India
MAMTA Health Institute,Hiring freezes,Healthcare,Yes,
Manipal Global Education,Hiring freezes,Education Tech,No,Bangalore
Manipal University Jaipur,Hiring,Communications,No,India
ManipalCigna,Hiring,Financial Services,No,India
Manya Education Pvt. Ltd.,Hiring freezes,Education Tech,Yes,Delhi
MAPE Advisors,Hiring freezes,Financial Services,,
MarketsandMarkets,Layoffs,Financial Services,,Pune
MarketsandMarkets,Layoffs,Financial Services,,Pune
MarketsandMarkets,Layoffs,Consulting & Services,No,Pune
Markle Sokrati,Offer rescinded,Business Software,Yes,
Marriot,Layoffs,Hospitality,Yes,Global
Mars Wrigley Confectionery,Hiring freezes,Consumer Goods,No,Gurgaon
Marsh India Insurance,Hiring,Financial Services,No,"Mumbai, Chennai, Bangalore"
Marvel tours pvt ltd,Hiring freezes,Travel & Transportation,Yes,"Bangalore, Cochin, Chennai"
Mathworks,Hiring,Business Software,,Global
Matic Network,Hiring,IT Infrastructure,,India
Matic Network,Hiring,Consumer Tech,No,Bangalore
McAfee,Hiring freezes,Business Software,No,
Media.net,Hiring,Marketing & Advertising,,Mumbai
Media.net,Hiring freezes,Marketing & Advertising,,Mumbai
MediaMelon,Hiring,Marketing & Advertising,,India
Medlife,Layoffs,Healthcare,,Bangalore
Medlife,Layoffs,Healthcare,,Bangalore
Medlife International,Layoffs,Healthcare,Yes,Bangalore
Meesho,Layoffs,Consumer Services,No,Bangalore
Meesho,Layoffs,Consumer Tech,No,Bangalore
Meesho,Hiring freezes,Consumer Services,No,Bangalore
Melorra,Hiring freezes,,Yes,Bangalore
Meredith India,Hiring,Media & Entertainment,No,Bangalore
Merilytics,Hiring,Consulting & Services,,India
Merittrac,Hiring freezes,Education Tech,No,Bangalore
mfine,Hiring freezes,Healthcare,No,Bangalore
mfine,Hiring freezes,Healthcare,Yes,Bangalore
Michael Page,Hiring,Financial Services,,Mumbai
Michael Page,Hiring freezes,Consulting & Services,Yes,
Michael Page,Hiring,HR Tech,,India
Michelin India,Hiring freeze,Automotive,,India
Microsoft,Hiring,Consumer Tech,,India
Microsoft,Hiring freezes,Consumer Tech,,Bangalore
Microsoft,Hiring freezes,Productivity Software,No,India
Mindship,Hiring,Consulting & Services,No,Full Remote
mindtree,Layoffs,,,
Mirable Health Services,Layoffs,Healthcare,Yes,Bangalore
Mobikwik,Hiring,Financial Services,No,India
Mobile Premier League,Hiring,Consumer Tech,No,"Bangalore, Indonesia"
MoEngage,Hiring freezes,Marketing & Advertising,,"India, California"
MongoDB,Hiring,Business Software,No,
Moody Analytics,Hiring,,No,India
Moolya Software Testing,Hiring,Information Technology,,Bangalore
Moolya Software Testing,Hiring,Consulting & Services,No,Bangalore
Mosaic Wellness,Hiring,Consumer Goods,No,Mumbai
motherson,Hiring freezes,,Yes,
MSX International,Layoffs,Consulting & Services,Yes,"Mumbai, Gurgaon, Detroit"
Mu Sigma,Hiring freezes,Consulting & Services,,Bangalore
Murugappa group,Hiring,Manufacturing,No,"Hyderabad, Chennai"
MX Player,Hiring,Media & Entertainment,,India
Mygate,Hiring,Consumer Tech,No,
myHQ,Hiring freezes,Real Estate,,India
Myntra,Hiring freezes,Consumer Goods,No,Bangalore
MyOperator,Layoffs,Business Software,Yes,Delhi
myPAT,Hiring,Education Tech,No,South Delhi
Mystifly,Layoffs,Travel & Transportation,Yes,
Mystifly,Hiring,Business Software,No,Bangalore
Nagarro,Hiring freezes,Consulting & Services,Yes,Gurgaon
Nandan Denim ltd,Hiring freezes,Manufacturing,No,
Nanonets,Hiring,Business Software,,Mumbai
Navata Road Transport,Hiring,Travel & Transportation,No,India
Navata Road Transport,Hiring,Manufacturing,,India
NBCUniversal,Layoffs,Media & Entertainment,Yes,United States
Near,Hiring freezes,Marketing & Advertising,No,Bangalore
NearPe,Hiring,Financial Services,,India
Nektar.ai,Hiring,Productivity Software,No,"India, Singapore"
Nestaway technologies,Hiring freezes,Real Estate,No,
Nestaway Technologies,Hiring freezes,Real Estate,Yes,Across India
Nestl,Hiring,Consumer Services,No,
NetEnrich,Hiring freezes,Consulting & Services,Yes,"Hyderabad,San Jose,Tokyo"
Netflix,Hiring,Media & Entertainment,,Mumbai
Netmeds,Hiring,Healthcare,No,India
Netomi.com,Layoffs,Productivity Software,No,India
Network Intelligence India,Hiring,Consulting & Services,No,India
Neudesic,Layoffs,Consulting & Services,Yes,Bangalore
neutrinos,Hiring,Business Software,,India
Newgen software,Hiring,,No,
Newgen softwares,Hiring,Financial Services,No,Noida
News Nation,Layoffs,Media & Entertainment,,India
Newton School,Hiring,Education Tech,No,Bangalore
Next Education India Pvt Ltd,Hiring freezes,Education Tech,Yes,Hyderabad
Nextgen clearing,Hiring freezes,Communications,,"India, UK"
Nihilent Limited,Hiring,Business Software,No,"Pune, India"
Niki.Ai,Layoffs,Business Software,Yes,Bangalore
Nikulsan Digital,Layoffs,Marketing & Advertising,Yes,
Ninjacart,Layoffs,Business Software,Yes,
Ninjacart,Hiring,Consumer Goods,No,India
Ninjacart,Hiring,Retail,,India
NIRA,Hiring,Financial Services,,Bangalore
NIRA FInance,Hiring,Financial Services,No,Bangalore
NISG,Hiring freezes,Consulting & Services,No,India
NoBroker,Hiring,Real Estate,No,Bangalore
Nokia,Hiring freezes,Business Software,No,Bangalore
Novartis,Hiring,Healthcare,No,Hyderabad
Numocity,Hiring,Business Software,No,Bangalore
Nurturing Green,Layoffs,Retail,Yes,Noida
Nutanix,Hiring freezes,IT Infrastucture,No,
Nutravo Lifecare Pvt Ltd,Layoffs,Healthcare,Yes,Gurgaon
Nvidia,Hiring,Automotive,No,india
Nykaa,Hiring freezes,Retail,No,
O.C. Tanner,Hiring freezes,HR Tech,,"India, US"
Oaknorth global,Hiring freezes,Financial Services,No,Gurgaon
Observe.ai,Hiring,Business Software,,"Bangalore, San Francisco"
Observe.ai,Hiring,Business Software,,Bangalore
OkCredit,Hiring,Financial Services,,Bangalore
OkCredit,Hiring,Financial Services,,India
Ola,Hiring,Travel & Transportation,No,India
Ola,Hiring freezes,Travel & Transportation,Yes,Bangalore
Ola,Hiring freezes,Travel & Transportation,Yes,Bangalore
OLX,Hiring freezes,Consumer Tech,No,India
OLX,Hiring,Travel & Transportation,,India
OML,Hiring,Media & Entertainment,No,
Onco,Hiring,Healthcare,,Bangalore
One97,Layoffs,Communications,,India
OneDirect,Hiring,Business Software,No,
OneMenu,Hiring,Food & Dining,,"Pune, Delhi"
OneMenu,Hiring,Consumer Tech,,India
Onsite Electro Services,Hiring,Consumer Services,No,"Mumbai,Gujarat,Hyderabad"
Oorwin Labs,Hiring,HR Tech,No,"Hyderabad, Bangalore"
OpenText,Hiring,Business Software,No,
Oracle india,Hiring freezes,Financial Services,No,"Bangalore, Pune, Mumbai"
Orient Electric Limited,Hiring freeze,Consumer Goods,,Delhi
Orient Electric Limited,Hiring freezes,Consumer Goods,Yes,Delhi
OYO,Layoffs,Hospitality,Yes,"India, China"
OYO,Hiring freezes,Hospitality,Yes,
OYO,Layoffs,Hospitality,Yes,India
OYO,Layoffs,Travel & Transportation,Yes,Gurgaon
Paix technology,Layoffs,Automotive,Yes,Mumbai
Paper.vc,Hiring,Venture Capitalist,,India
PayPal,Hiring,Financial Services,No,
Paytm,Hiring,Consumer Services,No,India
PayU,Hiring,Financial Services,No,Gurgaon
Pearl Global Industries Ltd.,Layoffs,Manufacturing,Yes,
PepsiCo,Hiring,Consumer Goods,No,India
Performics India,Hiring,Marketing & Advertising,No,Mumbai
Petrofac,Hiring freezes,Consulting & Services,Yes,
Phablecare,Hiring,Healthcare,No,Bangalore
PharmEasy,Hiring freezes,Healthcare,No,"Mumbai, Bangalore"
Phenom People,Layoffs,HR Tech,Yes,Hyderabad
Phenompeople,Hiring freeze,HR Tech,No,Hyderabad
Phenompeople,Hiring freeze,Business Software,No,Hyderabad
Phenompeople,Hiring freezes,HR Tech,No,Hyderabad
Phi Space,Hiring,Manufacturing,,"Mumbai, Hyderabad"
Phi Space,Hiring,Real Estate,,India
PhonePe,Hiring,Financial Services,No,"Bangalore, Pune"
Pickyoutrail,Hiring freezes,Travel & Transportation,Yes,"Chennai , Coimbatore"
Piggy,Layoffs,Financial Services,Yes,Bangalore
Pine labs,Hiring freezes,Financial Services,Yes,Noida
PineLabs,Hiring,Financial Services,,Bangalore
Piramal Pharma Solutions,Hiring freezes,Healthcare,No,
Pitstop,Layoffs,Automotive,Yes,Bangalore
PlanetSpark,Hiring,Consumer Tech,,Gurgaon
PlanetSpark,Hiring,Consumer Tech,,India
Policy Bazaar,Offer rescinded,Financial Services,,India
Policy Bazaar,Hiring freezes,Financial Services,No,India
Polycab,Hiring freezes,Manufacturing,No,India
Polymedicure Ltd,Hiring,Healthcare,,India
Postman,Hiring,IT Infrastucture,No,"Bangalore, San Francisco"
Practo,Hiring freezes,Healthcare,Yes,Bangalore
Pride Circle,Hiring,Consulting & Services,No,India
Primathon Technologies,Hiring,Consulting & Services,No,Gurgaon
Prione,Hiring,Retail,,India
Prione (amazon Jv),Hiring,Consumer Tech,,Metro cities
Prione,Hiring,Retail,,Bangalore
Prione Business Services,Hiring,Retail,,India
ProcMart,Hiring,Consulting & Services,No,"India, Malaysia"
Procol,Hiring,Business Software,No,Gurgaon
Propelld,Hiring,HR Tech,,India
Propkart,Hiring freezes,Real Estate,No,Bangalore
Protegrity,Hiring,Business Software,,Navi Mumbai
Provana,Layoffs,Financial Services,Yes,Noida
Provar,Hiring freezes,IT Infrastucture,Yes,"India,Nashville, Tennessee"
PSI Services,Hiring freezes,Information Technology,Yes,"California,Cheltenham"
Publicis.Sapient,Hiring,Business Software,No,
Pure Storage,Hiring,Business Software,No,United States
Purplle.com,Hiring,Retail,No,Mumbai
PwC,Hiring freeze,Consulting & Services,,India
PwC India,Hiring freezes,Consulting & Services,Yes,India
Qualcomm,Hiring,Manufacturing,,Bangalore
Qualitrix,Hiring,IT Infrastucture,No,Bangalore
Quantiphi,Layoffs,IT Infrastucture,No,"US, india"
Quess Corp Ltd.,Hiring freezes,Consulting & Services,Yes,India
QuEST Global,Hiring freezes,Consulting & Services,No,India
Quest Global,Hiring freezes,Consulting & Services,Yes,Worldwide
Quest Global Engineering,Layoffs,Consulting & Services,No,India
Quick Ride,Hiring freezes,Travel & Transportation,Yes,
Quikr,Layoffs,Consumer Services,Yes,"Bangalore, Delhi, Mumbai"
Quint,Hiring freeze,Media & Entertainment,Yes,India
R1 RCM,Hiring,Healthcare,No,
Railyatri,Hiring freezes,Travel & Transportation,Yes,India
Ramniklal B kothary,Layoffs,Consumer Goods,,(Remote)
Rapido,Hiring,Travel & Transportation,,Multiple
Rapyuta Robotics,Hiring,Business Software,,India
Rapyuta Robotics,Hiring,IT Infrastucture,,
RateGain,Hiring freezes,Travel & Transportation,Yes,Noida
Rategain,Layoffs,Travel & Transportation,Yes,
RAW Pressery,Hiring,Consumer Goods,,"Chennai, Bangalore, Hyderabad"
Raymond Apparel Ltd,Layoffs,Consumer Goods,No,India
Razorpay,Hiring,Communications,No,
RBL Bank,Hiring freezes,Financial Services,No,PAN INDIA
RBL bank,Hiring,Financial Services,No,Mumbai
Reckitt Benckiser India,Hiring,Consumer Goods,No,
Recko,Hiring,Business Software,No,Bangalore
Recko.io,Layoffs,Business Software,Yes,Bangalore
Recruiterflow,Hiring,Business Software,No,Bangalore
Red Hat India,Hiring,Business Software,No,
Redbus,Hiring freezes,Travel & Transportation,Yes,India
Reflektive,Hiring freezes,HR Tech,Yes,Bangalore
Reflektive,Offer rescinded,HR Tech,Yes,Bangalore
Reflektive,Layoffs,HR Tech,Yes,"Bangalore, California"
Reflexis systems,Offer rescinded,IT Infrastucture,Yes,Pune
Reliance Jio,Offer rescinded,Consumer Tech,,Mumbai
Reliance Retail,Hiring,Consumer Goods,No,India
RentoMojo.com,Layoffs,Consumer Services,Yes,Mumbai
Reverie Language,Hiring,Information Technology,,Bangalore
Revolution Craft Brewing,Hiring,Consumer Goods,,Hyderabad
Revolution Craft Brewing,Hiring,Retail,,India
Rheo,Hiring,Productivity Software,,India
Right Process Infotech,Hiring freezes,Education Tech,Yes,Hyderabad
Rivi,Hiring freezes,Travel & Transportation,No,Bangalore
Rizzle,Hiring,Communications,No,"San Jose, Hyderabad"
Rubrik Inc,Hiring freezes,IT Infrastucture,No,"USA, India"
Rubrik Inc,Hiring freezes,IT Infrastucture,No,Palo Alto
Rupeek,Hiring,Financial Services,No,Bangalore
Ryan India Tax Services,Hiring,Consulting & Services,No,Hyderabad
Rythmos,Layoffs,Consulting & Services,Yes,Hyderabad
Sabka Mandi,Hiring,Consumer Goods,,India
Safe Gold,Layoffs,Consumer Services,Yes,"Lower Parel, Mumbai"
SafeGold,Offer rescinded,Consumer Tech,Yes,Mumbai
Sahaj Software,Hiring,Consulting & Services,No,
Sahaj Software Solutions,Hiring,Information Technology,,"Bangalore, Pune, Chennai"
Salesforce,Hiring,Business Software,No,"Bangalore,Hyderabad"
Saltside,Hiring freezes,Consumer Tech,Yes,"Bangalore, Colombo, Dhaka"
Samagra Governance,Hiring,Consulting & Services,No,Delhi
Samsung India electronics,Layoffs,Consumer Goods,No,
Sarawagi Group,Hiring,Food & Dining,Yes,"Kathmandu, Nepal"
Savage & Palmer,Hiring,Financial Services,,India
Savage and Palmer,Hiring,Financial Services,,Mumbai
Saveo,Hiring,Healthcare,No,Bangalore
Schneider,Hiring freezes,,Yes,
Scientific Games,Hiring freezes,Media & Entertainment,Yes,"India, US"
Scientific Games,Hiring freezes,IT Infrastucture,Yes,
Searce,Hiring,Consulting & Services,,"Pune, Mumbai, Bangalore"
Searce,Hiring,Travel & Transportation,,India
Selltm,Hiring,Consumer Tech,No,Gurugram
Sequoia,Hiring,Venture Capital,,Multiple Locations
Sequoia.com,Hiring,Healthcare,No,"Bangalore, San Mateo, San Francisco"
ServiceNow,Hiring,Business Software,No,Hyderabad
Setu,Hiring,Manufacturing,,Bangalore
Shadowfax,Hiring,Travel & Transportation,No,
ShareChat,Hiring,Consumer Tech,No,Bangalore
Shell Business Operations,Hiring,Energy,No,Chennai
Shiksha,Hiring,Education Tech,,Noida
Shipsy,Hiring freezes,Travel & Transportation,No,Gurgaon
Shopmatic,Hiring,,No,
Shopmatic Group,Hiring,E-Commerce,No,"Singapore, Bangalore"
Shopmatic Pte Ltd,Hiring,,No,Singapore
shopmatic solutions pvt ltd,Hiring,,No,Bangalore
Shuttl,Layoffs,Travel & Transportation,Yes,India
SignEasy,Hiring,Business Software,No,
SigTuple Technologies,Layoffs,Healthcare,,Bangalore
SigTuple Technologies,Layoffs,Healthcare,Yes,Bangalore
Simpliance Technologies,Hiring freeze,Business Software,No,Bangalore
Simpliance Technologies,Hiring freeze,Business Software,No,Bangalore
Simpliance Technologies,Hiring freeze,Business Software,,Bangalore
Simpliance Technologies,Hiring freezes,Business Software,No,Bangalore
Simpplr,Hiring freezes,IT Infrastucture,No,Gurgaon
simsim,Hiring,E-Commerce,No,Delhi
Singh & Associates,Hiring,Marketing & Advertising,,Gurgaon
Sixt Research & Development,Hiring freezes,Travel & Transportation,No,Bangalore
Sixt Research & Development,Layoffs,Travel & Transportation,Yes,
Skeps,Hiring,Financial Services,,"India, US"
Skillsoft,Hiring,Education Tech,,Global
SmallCase,Hiring freezes,Financial Services,No,bangalore
Smarsh,Hiring,Business Software,No,Bangalore
Smartworks Coworking,Hiring,Real Estate,No,Bangalore
Snapdeal,Hiring freezes,E-Commerce,No,Gurgaon
Snapwiz,Hiring,Education Tech,No,Bangalore
SNic solutions,Layoffs,Consulting & Services,Yes,Bangalore
SOE Technologies,Hiring,Information Technology,,India
Sopra Steria India,Hiring freezes,Business Software,No,Noida
Spark Capital Advisors,Hiring freezes,Financial Services,Yes,Bangalore
Sparx IT Solutions,Hiring,Productivity Software,No,Noida sector 62
Spinny,Hiring freezes,Automotive,No,Gurgaon
SplashLearn,Hiring,Education Tech,No,Gurgaon
Spokesly,Hiring,Business Software,No,"USA, Bangalore"
SportzVillage,Hiring,Consumer Services,Yes,India
Spotify,Hiring,Consumer Tech,,India
Springboard,Hiring,Education Tech,,"India, California"
Springworks,Hiring,HR Tech,,Bangalore
SpurTree Technologies,Hiring freezes,Consulting & Services,Yes,Bangalore
Square Yards,Hiring,Real Estate,,Abu Dhabi
Srijan Technologies,Offer rescinded,Consulting & Services,Yes,
SS&C,Hiring,Financial Services,No,
Standard Chartered Bank,Hiring freezes,Financial Services,No,India
Stealth mode startup,Hiring,Consumer Tech,No,Bangalore
Stealth Startup,Hiring freeze,Consumer Tech,,India
SteelEye,Hiring,Financial Services,No,Bangalore
SteelEye,Hiring,Financial Services,,India
Stellium consulting Pvt Ltd,Hiring freezes,Consulting & Services,No,Bangalore
Sterlite Power,Hiring,Energy,No,India
Sterlite Technologies,Hiring freezes,Communications,Yes,"Aurangabad, Pune, Gurgaon"
Sterlite technology,Hiring,Consulting & Services,No,India
Steve Medius Private Ltd,Layoffs,Communications,,Delhi
Steve Medius Private Ltd,Layoffs,Communications,Yes,Delhi-NCR
stuMagz,Layoffs,Education Tech,Yes,Hyderabad
Styledotme,Hiring,Business Software,No,New Delhi
StyleNook.in,Hiring,Consumer Tech,,India
Stylenook.in,Hiring,Consumer Goods,,Mumbai
Subex,Hiring,Business Software,No,Bangalore
sundayrest.com,Hiring freeze,Consumer Goods,,Bangalore
sundayrest.com,Hiring,Consumer Goods,,Bangalore
Support mart,Hiring freezes,Consumer Services,Yes,Gurgaon
Swiggy,Offer rescinded,Food & Dining,Yes,Bangalore
Swiggy,Layoffs,Consumer Tech,No,
Swiggy,Hiring,Consumer Tech,No,"Chennai, Bangalore, Hyderabad"
Swiggy,Hiring,Consumer Tech,No,India
Swiggy Labs,Hiring freezes,Food & Dining,No,Bangalore
Synechron inc,Hiring freezes,Consulting & Services,No,Usa
Synup,Layoffs,Business Software,Yes,"India, US"
Synup,Layoffs,Business Software,No,Bangalore
Talview,Hiring,HR Tech,No,India
Tangoe,Layoffs,Business Software,Yes,
Taomish India,Hiring,Business Software,No,India
Taomish India,Hiring,Business Software,,India
TapChief,Hiring freezes,Business Software,Yes,India
Tars,Hiring,Business Software,No,Bangalore
Tata Consultancy Services,Hiring freezes,IT Infrastucture,No,
Tata Steel Ltd,Hiring,Manufacturing,No,India
Tataelxsi,Layoffs,Consulting & Services,Yes,Bangalore
Tech Bodhi,Hiring,Education Tech,No,Pune
Tech Mahindra,Hiring freezes,Business Software,No,India
Techwingsys,Hiring,Information Technology,,Ernakulam
TEDxGateway,Hiring,Media & Entertainment,,Mumbai
TekSystems,Layoffs,Consulting & Services,,Bangalore
Telangana Govt,Hiring freezes,Consulting & Services,Yes,India
Teradata,Hiring,Business Software,No,"Bangalore, Pune, Hyderabad"
Text Mercato Solutions,Layoffs,Business Software,Yes,Bangalore
The Times of India,Layoffs,Media & Entertainment,,India
The Wadhwani Institute,Hiring,Education Tech,,Mumbai
Thomas Cook,Hiring freezes,Travel & Transportation,Yes,Mumbai
Thoughtworks,Hiring freezes,Consulting & Services,Yes,
Thoughtworks,Layoffs,Business Software,Yes,India
Tibco,Hiring,IT Infrastucture,,
Tide,Hiring,Financial Services,No,Hyderabad
Tiger Analytics,Hiring,Consulting & Services,,Chennai
Times Internet,Hiring freezes,Financial Services,No,
To The New,Hiring freeze,Information Technology,,Delhi
Toddle,Hiring freezes,Education Tech,No,Bangalore
Tone Tag,Hiring freezes,Retail,Yes,India
TopHire.co,Hiring freeze,HR Tech,No,"Bangalore, Mumbai"
Toppr,Layoffs,Education Tech,Yes,Hyderabad
Toppr,Hiring freezes,Education Tech,Yes,"Mumbai, Hyderabad"
Toppr,Hiring freezes,Education Tech,No,Hyderabad
Toyota Connected,Hiring,Automotive,No,Chennai
Toyota Connected India,Hiring,Manufacturing,,India
Traction on Demand,Hiring freezes,Consumer Tech,Yes,"Jaipur, Canada, US"
Tracxn,Layoffs,,,
TransCloud Labs,Hiring,Consulting & Services,No,Chennai
Tranzo Digital Services,Hiring freeze,Business Software,,India
Tranzo Digital Services,Hiring,Travel & Transportation,,India
Tranzon Digital Services,Hiring,Business Software,No,Chennai
Travclan,Hiring,Travel & Transportation,No,Delhi
Traveloka,Layoffs,Travel & Transportation,No,Indonesia
Traveloka,Layoffs,Travel & Transportation,No,India
Traveltriangle,Layoffs,Travel & Transportation,No,Gurgaon
Travelyaari,Layoffs,Travel & Transportation,Yes,Bangalore
Traxcn,Hiring,Business Software,,India
Tredence Analytics,Hiring freeze,Consulting & Services,,Bangalore
Tredence Analytics,Hiring freezes,Consulting & Services,Yes,"Bangalore, Chicago"
Treebo,Layoffs,Hospitality,Yes,"Bangalore, Delhi"
Trianz,Hiring,IT Infrastucture,No,Hyderabad
Trident Group,Hiring freezes,Travel & Transportation,Yes,India
Trimble,Hiring,Consulting & Services,Yes,Worldwide
TripActions,Layoffs,Travel & Transportation,,Global
Tripeur,Hiring freezes,Travel & Transportation,Yes,Bangalore
Tripoto,Hiring freezes,Travel & Transportation,Yes,Delhi
Trodly,Layoffs,Travel & Transportation,No,Bangalore
Truebil,Layoffs,Automotive,Yes,Mumbai
Truebil,Layoffs,Consumer Tech,Yes,Pan India
Trueblue Inc,Layoffs,Consumer Services,Yes,Tacoma
Truelyser Biosystems,Layoffs,Healthcare,Yes,Bangalore
Truworth Wellness,Hiring,Healthcare,No,Bangalore
TSYS,Layoffs,Financial Services,Yes,India
Tunerlabs,Hiring,Consulting & Services,No,Bangalore
Turtlemint,Hiring freezes,Financial Services,Yes,Mumbai
TVFPlay,Layoffs,Media & Entertainment,No,India
Uber,Hiring freezes,Travel & Transportation,No,India
Uber Private India Limited,Hiring,Travel & Transportation,,India
Ubisoft,Hiring,Media & Entertainment,No,Pune
UBS,Hiring,Financial Services,,Pune
Udaan,Hiring,E-Commerce,No,Bangalore
Udaan,Layoffs,E-Commerce,No,India
Udaan,Hiring,E-Commerce,,Pan India
Udaan,Hiring,E-Commerce,No,India
Udaan,Hiring,Consumer Tech,,India
udaan,Layoffs,,Yes,
Unacademy,Hiring,Education Tech,No,Bangalore
Unacademy,Hiring,Education Tech,No,Bangalore
Unacademy,Hiring,Education Tech,,India
Unilodgers,Layoffs,Consulting & Services,Yes,"India , US"
United Airlines,Hiring freezes,Travel & Transportation,No,
UpGrad,Hiring,Education Tech,No,Mumbai
UpGrad,Layoffs,Education Tech,No,Mumbai
Upgrad,Hiring freezes,Education Tech,Yes,
Upstox,Hiring,Financial Services,No,Mumbai
Urban Company,Hiring freezes,Consumer Services,,"India, Australia, UAE, Singapur"
Urban Company,Hiring,Consumer Services,No,"India, UAE, Australia, Singapur"
Urban Company,Hiring,Consumer Services,,Across Multiple Locations
Urban Ladder,Hiring freezes,Retail,No,Bangalore
UrbanClap,Hiring,Consumer Services,,Bangalore
UrbanPiper,Hiring,Business Software,No,Bangalore
Urjanet,Hiring freezes,Energy,No,Chennai
UST Global,Hiring,Consulting & Services,No,India
Vahak,Hiring,Travel & Transportation,,Bangalore
Valiance Solutions,Hiring,Financial Services,No,Noida/Gurgaon
Vassar Labs,Layoffs,Consulting & Services,Yes,Andhra Pradesh
Vaya Life,Hiring,Consumer Goods,No,chennai
Vdx.tv,Hiring freezes,Marketing & Advertising,Yes,US
Vector consulting group,Hiring freezes,Consulting & Services,Yes,Thane
Vendekin Technologies,Hiring,Retail,,Pune
Venturit Consulting Services,Hiring freezes,Productivity Software,Yes,Pune
Verloop.io,Hiring,Marketing & Advertising,,India
Viacom 18,Hiring,Media & Entertainment,No,
Vichara Technologies,Hiring,Business Software,No,Gurgaon
Villgro,Hiring,Consumer Goods,,Bangalore or Chennai
Villgro,Hiring,Consulting & Services,,India
Virtusa,Hiring,Consulting & Services,Yes,Chennai
Visa,Hiring freezes,Financial Services,No,
VMock,Hiring freezes,HR Tech,Yes,Gurgaon
VMware,Hiring freezes,Business Software,Yes,
VMware,Hiring,IT Infrastucture,No,
Vodafone Global,Hiring,Consulting & Services,No,"Pune, banglore"
Vogo,Layoffs,Travel & Transportation,,India
Vogo,Layoffs,Travel & Transportation,Yes,BANGALORE
Vogo,Hiring,Travel & Transportation,,India
Vokal,Hiring,Consumer Tech,No,Bangalore
Volvo group,Hiring,Automotive,No,Bangalore
Vymo,Hiring,Consulting & Services,,
Wadhwani Foundation,Hiring freezes,Education Tech,No,"Bangalore, Delhi, Mumbai"
Walmart,Hiring,Retail,,Global
Walnut Folks,Hiring,Marketing & Advertising,,Nagpur
Walt Disney,Hiring freezes,Media & Entertainment,Yes,Mumbai
WebArtistic Tech,Hiring,Information Technology,,India
WebChanakya,Hiring freezes,Marketing & Advertising,,Ahmedabad
WebEngage,Hiring,Financial Services,,"Mumbai, Bangalore"
Wells Fargo,Hiring,Financial Services,,Bangalore
Whatfix,Hiring,Business Software,No,"Bangalore, SanJose, Atlanta,"
Whishworks,Hiring freezes,Consulting & Services,No,Hyderabad
White Hat Jr,Hiring,Education Tech,,Mumbai
White Hat Jr,Hiring,Education Tech,,India
Wink & Nod,Layoffs,E-Commerce,Yes,Pune
Wipro HR Services,Hiring freezes,Information Technology,No,
Withlocals,Layoffs,Travel & Transportation,No,Eindhoven
WNS Global,Hiring freezes,Consulting & Services,No,India
WNS Global Services,Hiring freezes,Consulting & Services,No,
WNS Global Services,Hiring freezes,,No,
WorkIndia,Hiring,HR Tech,,Bangalore
World Wide Technology,Hiring,Consulting & Services,No,Global
Wow Express,Layoffs,Travel & Transportation,Yes,
wowJobs,Hiring,HR Tech,No,India
Xiaomi Technology,Hiring,Information Technology,,India
Xobin,Hiring,HR Tech,No,Chennai
Xpressbees,Layoffs,Travel & Transportation,Yes,
xto10x,Hiring,Consulting & Services,,Bangalore
YCook India Pvt. Ltd.,Hiring freeze,Food & Dining,Yes,Bangalore
your-space,Hiring,Real Estate,,India
Yourclasses,Hiring,Education Tech,No,India
Zartis Spain SL,Layoffs,,Yes,"Madrid, Spain"
ZeMoSo Technologies,Hiring,Business Software,No,Hyderabad
Zendrive,Hiring freezes,Automotive,Yes,"United States, Bangalore"
Zeotap,Hiring,Business Software,,"Mumbai, Bangalore"
Zeta,Hiring,Business Software,No,India
Zilingo,Hiring,E-Commerce,,Mumbai
Zilingo,Layoffs,Business Software,No,Bangalore
Zoapi,Hiring freezes,Business Software,No,Bangalore
Zolostays,Layoffs,Real Estate,Yes,India
Zolostays,Hiring freezes,Real Estate,No,
Zolostays,Layoffs,Real Estate,Yes,Banglore
Zolostays,Layoffs,Real Estate,Yes,Banglore
Zomato,Hiring freezes,Consumer Tech,Yes,Gurgaon
Zomato,Layoffs,Hospitality,Yes,Gurgaon
Zopper,Hiring,Financial Services,No,Noida
ZS Associates,Hiring freezes,Consulting & Services,No,"Gurgaon, Pune"
Zycus,Hiring freezes,Business Software,No,India
Zynga,Hiring,Media & Entertainment,No,